NFT Number,DNA
729,7d820fcfc7b1a898694260df4a03ed0ab54779ce
683,f7eb978833fb5e788d79b221906020eaf662ec6b
379,cca13c89fa86ccbc0c8855f1f8437c6825a32f76
396,1b9d054ccd2934fb513e53b05301bf9a738e0bb4
816,40f8f86286a7615ea8481acc4b6bd1940c775e0a
115,63f3b83ca663e422b9eead26be0c6eb134295677
545,1c617bf2f64f46908d6e9592e3d1844baf38524c
400,02e14ca3214cf9c98b1145423629fd108077de43
953,edc770d43b099965a96e81a990aab76d2ecc1ab5
284,146782c8e48d20666ea64b0613bed48e4975385e
791,a3ceab3eaa0d036821f7792d6bdc569b7e21005a
512,3014f482b3aa7a55c45c8f18494b0c2a5844565a
142,6c43f2d22b405fa9722bcf4a0e9d9621cb13a6c6
841,f9aa3e07d482a53be10ff732a586ad3b56a484d3
904,f81cf59604e2c6dd7f6c3f3eb97535f1a6dfe306
457,8dd01642a19896e8ada433dcab0686826c8c6407
292,830931c45e7c242e8ecb92da3df3aa7a25abc6a3
768,a93cf5097dd360d88db224cf63ce83f54f28ef4a
338,a56353a4db2a18492a2a68c3aced7584ed3f6c65
787,d4c7dd1aad01ac6beace81608b91b17168ff0553
857,cb3ecb5be82e6d661a1a25cee4dc55b7a79d2ae3
154,cbbfc69d4f31b4b23c51a6b0e246ac3f32962aa2
504,bb3ef7ef97fc5c2020281b6311af6d6e01c935cb
441,6173f725d129fb3369d17789c79dc44c694e90fc
912,f41728c1967c41ce8d505e61eadd740623b3d695
695,2cb28b418274815896639edd2f03049c744cece7
380,3c08daaf5179cf7a0a2bddbc78eb4722e61b54a7
553,00b486cdab9ccd7dee7604407dda43676fb20d72
103,67a9be9646da0cdf67bc987b69fc16a056f5bdb5
800,9195721c098d8398bc4835f9d6dcc25982296815
945,61d9ea0dbd1f350d0eb12d6ec593a5ffb38d4a56
416,232dbb0237666467c6a5c7e2662dbcb7157e8484
251,f5a64edf2a67011d516c56eedbeceb35f69d4622
601,ac0440e45eb92dfbbc3ca9772398414ca9aedd96
314,7be59e22e4e7c118078f55a194b79f47ded5ca25
744,e272de7794b22f28cd33109a1701b72af2124130
894,c2a01ffa25dab2b4b40a2ab5af9160caaff35300
197,3311ded104c24b1fe2a5f6b550625b07ad6b36c6
528,84cc6f2ef9d5ed17d03f4b1ecaf97579b2b6f7eb
482,533d76999d5918f9faa0eba020926a6e4b4d76b1
178,f590302ce84ea660e708a2c2cf2e10a105658a6c
20,a9253873fe5c99dc1eac0187b9d4ff4aaef9d3ed
656,8c473e23dc61938981c5dfa7e9080885c7ecfb77
206,f520eabed27f01ec766212aded722ce2fb9c7326
713,32bf7e1ba4e7da70d74d1c478852a69e28ffd9bb
343,ce4bc857e11e81b8e7c5d96e8a6b17913c3e03c4
590,e1c97cd35dff43c700abce316c9d32da2574a55d
98,3bd4804a6c0e5e216ed868aa4ec80e0e7b767b21
969,b82948a6f160655c43bb81fe6ac6ffdda9df9802
986,ef9a108683c390b0829a74c5d9f29aa83210a7d6
77,b43cdc3c9231f8456095ca10f296e07fb7d0b5c1
210,5706c6dc6d6efbb760a64c1c381be77d40063ca9
640,06f46037200c14b7e94ef58c31dbecbb9f5e9e62
355,48ae1e38ccbe6d49643baaaff2a2d50f143e9f98
705,988a66bba329d6fa0ae9b66a56261767c56d03d9
586,442a5476a29886bcd82c6cad2747dacf1d9ddf3c
569,5ae435fa19a708589ca4ea4b6e5d6548340353d1
139,03a2f48f6176069b3a6a53c3fb614b91f3e6d6b0
61,96f55fd3cc68dc2fac870e32ae12e96c1bae5a0e
990,6fa6926abf5ac8a6c22844d54e00c2765800f5c4
617,d9b436c762d1fdddd289c02dc0523c6c28c0e0ac
247,8daf9c4cfbec904e114819ce432157ea7eece698
752,c9e0d44bcf69a0ad96f09fc15ca3015945933687
302,284a8152ebcff76cfbf1a453bb2eca6955b931f0
181,27e805c4db31a3108316966ccf88a09fc9740159
928,4ebf2405d688730b3d6201bf70a1b6744ee522e0
882,b72319e8083431ea7cf4371ff1bee0a6f7f0797e
36,92d1e025617a5ca463d38d7a09d6ef564c9c16e4
494,93da0b5a0d118b3b3603cf76f6957d1159b99bff
549,2d92507c13c9f5344772930569ce7b319d3f3014
119,97fb6c8702416e39ae7f57b82a470014fb738180
41,75a1795f2f3cf539a4f87bd0d4bbb888f641331d
375,a433bb98fa59e4d754d0223069bc9ad1f626a008
725,14af775413c887499224ff86fb8bd2cdf6f0667b
230,3373f2c2207c1f0a9ce78cc74e5995650f5cc8e0
660,fde5750b0572c2d268817798e95b586e42bf6808
16,779c9cd7c2f494441996d2ca57ef4a738b2a6d38
908,93f81eb3863863a44dc814eb2fe4c784ea4a3ca5
288,c6666740c084ac1814f953b224df38729a124e08
772,9f2d2397e88a0c657e789f8057327553e1eb447f
322,c21474caf7e3760b4896b46c3be04121fdffb192
637,283ceca6a63e2802da4f99ed3ac0a45b75352c2b
267,b6c7f891ac2c169e37c0814adcafa96e8f8e47ce
508,a144c53a0622dda9b9ad64119c4778f2f6df67f8
158,f992a208f8df904a2c6ed5ff4f4819d8d72944fa
334,ed39602871bf58b2c26a608366ae137f7bd5eb45
764,3ee5139f9fb1379e479f737fd460acbae0076df3
271,448327468b0b4f21f2c4b3ab426d2491eebbaf82
621,107e55ac643a209f3ba6bcdfc92d90247cf05179
57,1ae976bb2a7b49c6707e3ce1d5498d71b7a069ff
949,9310b50445ffa88422dff60da90ce02640b6e6c0
733,521725ef2dbbc914fd36fa211047bae81fce6c15
699,3d8a5dc01e8c7b95fe0af08a1f24f93913894916
363,1ed3ddecd0d4a4bbffbe9d859962d0fa370da32b
676,abe19eba30192451c706d08ff2e75a962d8751e1
226,dac26af51c39bb5ada6b60afdd07141b68b5c268
461,58179c605c8ef0e699c174a1a38f42380c8637d1
932,8b4543ebc3c29cebec51f9efbcd87f177eef7642
898,702604a06ebaa8fd405a35918dae6f5485021ae4
877,7ad8ed6f453e1602ba6bd90d83961e6642062ea5
174,75dae33265030d84a7b659df9a7611a0705f209a
524,7f72575db8821d63d4dfc37703143c8b0578fb44
748,7aad333ff3e20dd931f7b1cc06cbb67d206b81c4
318,8d6c2aa0446b558c9e82a6cde024ea54bd3c8268
965,13bdaf819571646b1d65d1dd2e6940fddd1299ce
94,22fc4372d38dd72d7201715d0c1c1670c932d7d9
436,4b300dfc37998d8e1a48fa72dd941f8ee96d5483
573,a42898e7ae6ea32fd761efc3700923aab89e5e08
123,7b4f5b07a61b45adc141d8f2d95153def98f9a72
820,42d5b8867ee2bacc567d914a55701c4632ec3d90
420,0e9867903e34073e086aa24baea1180aafb2b1b0
82,8f6dad4a5e024626aec116c60fb2b869a0d0de60
6,a7cd12fe5e93a2b8a1ea44c1e95fef6ee6123dbc
973,2f747e521fd7d25a7307ca7b1518fe02fd264c8d
836,7c27c432f9b2dc280764b979bbb63c9ec45bb950
135,ff9862b21db7f008cb054d669fa82740a4580ed1
565,a6c95b271bfc2ef4428a00e0407f3f4a35e9b922
709,79cc113d3baa745fb25201580ab2aada12b67c05
359,2725b7295c9013c6c938b66f68829ca986e4995d
924,d81c9aa1c1a79c19362430943cc2ac4bea1c5ec2
477,8d7090001e3e03ee966bb07dc10e5f116a41aeb6
532,ead1f7edaaea24fe4f23966ce7e37a8e513111a7
498,eec9f4f0e0f9a8e3f3f81ebaf012da3b3b47f8b3
162,3d91a099405b21bfb6ff1d391c85298d43a8c9e9
861,e34a1937b93b798621c7c427f9fe1d5723bf9d21
925,b8ebb0471cde0d79cfec847d1440a96728da6904
476,9df2e34d15b46a4a59ae31b6e92455eda8c85927
533,d2361ee411b4796a21187d17cdf25b0faf45a059
499,27adcaf6e66c651ded58d7a8c98c0c06a24cffbf
163,7109a963467363f26c1678c25b993d7d9e7e3159
860,a784ad09c01875d087499c141bef174a7b59381f
708,19a0c0acdfc644170c6e603c4114d876b692ed72
358,a3a24254bdc1a946ec906a9bddda93a22df9eaf1
421,bc67672a1d5b1005ff0138a4af0f1b341611189e
972,7134e62344e1799597a7a14860c3062223eccb08
7,a869b6c85c8b152934757bbd64d1e55bef61601a
83,5692d59672d1e28652888c5a2a02c3e1c9b38972
837,2700d788bcc454053924aaf1d9e4462f645fe76b
134,5e6236fdf95189b66a4ef3982bc3e6f49b0510ca
564,2ef5dddf1da71cbc1514cd72134ea4e3de1f8f56
95,ebe929b6d09a0508fb7b4422b6c2e21152a94a7d
964,62dde767bfbcbeb29fe5a983f790a625fab979e9
437,21a085493f846d4528b91f3c2fbf3060960221c1
572,9c30644fddca8cab5a838cb6f8c664a6957bbf18
122,ad2b15f37e6cf9c21a3e2e4aa6e099b0d83d4b15
821,23eaa0afc9757d70088a2a99ba0463d315f5aaf6
749,61e81d8b6378bf9ca9dec09a3f622793370ff8a7
319,89991e8b7ba3533878f2eacd033ce74b4d60d0b9
460,94f9a4b59d51b2b734e4a876a1e25a43d6d1de59
933,9bbd0d847a507c280198aad64579c86beb5fa27a
899,4ae05c3c6b4135747e2a1b99db97eb7bf2b313ec
876,ab5e95ec54ce6c2260a1b531c123677d5161ef26
175,a3eed2f83eb4618bfd7bc65715d39ec51c01ad95
525,9a701aa984709273206c3352ec88f06fe0848a35
732,eb1108aa41f8586dfc5ab6c4d0fad98d4ed0ea52
698,6c5a324e2a172af51beda4124a952246c0fe7542
362,98f3dae4f2c9d27d9a7f691b2df423286860770e
677,566da3a9f623388c0a09626d545f5eba7ef905eb
227,c1a3ca5f65a5120cd8d9b6ed45b306651f72fd3f
56,484894b0f44f325696e1c349427831342b659edd
948,6bcbb1e9e76765820d9e120e17c88462e3c386b1
335,090f0b6f0659adc69c0ae4350ec2a878e690b126
765,c66ad4e24886b507cfa0976572f9dcdfb3d6ecd5
270,9969a9899912d5130e39932c20ebfc79a6da0c01
620,129c0a45c6b17da57a4797356fc59c91f84ff4a9
509,e1fc0cfca8b718b76590d773f5abb06d9b0dd5f5
159,f4e4c6b42ea273cf7edfecd3292d846a6497c962
289,eb4f72fc3e592ef2f4b0f377ca74925a15e49b50
773,fb43a853358152d69209178f64e8bf2a54745aec
323,b64a67fce895b23766ad2ab40686318947075f6f
636,b0182e903c8fe155e72c47dddbd95f0e46c55f8b
266,4a3006d88afa134bce353688e8ddf41ef46a5834
17,eab24bd1d955f529fe434505bdc570c90a66b635
909,a4e57ac09ca1a68f49a6fac9b01fbb2f1c61bfb3
374,bd721d1ea7b5b0f050a8ccdb8a394f6a189e8054
724,2223fdb5a8d1a5d0b93eaf05339f2472a7290a35
231,c0e95a4d5e022458458abd141d7a285a4a2e9f98
661,5640a18b0d0ba980132e67647934efcac4399fac
548,ecd22a0070384a12b2f7dc495596fc9871dd35ba
118,461a6db0f2fcdaa87df6490ff0a118b411356828
40,4cb8dd1b2a44d8a26ad9fb3a0bcd8cf0226d76cd
180,aac050a8f3bcd7ac09c94ca94b3d65d5809e66bf
929,cf511f75eee4a5412b904e2bc245b35dbcb5e472
883,8f997c98637a41d807dcb3ad8ca961a92d69d3f8
37,44a709ecb00392e54e37ed0352431c5c906b1473
495,132a9108f32f91bf1e2788bec6c10b811d743c14
616,383adbc8ca78b23d86c6100c5012da071c7e665b
246,32090e08233dfd4af10e10bcf76965a288801690
753,dfb3182c271edc5328eac07cbb44d6a6ab2fe987
303,d1ba7236fc133c50ce7f52355d18d76d64c33868
587,dde65898fff95e9241b767b2fab89b7fbce80cc0
568,5d93f20ba32981bdd7b57fe50522c841769a0358
138,bd30d253fa101f463d88f41511abb8d5c66382cc
991,c8efefba0f59232cf7e5193ea0e7d3a370e1912b
60,b1fbef1c59c9422f040d07c3146dd0996707631d
211,8d203aa6c42b0fbe78fe566e505fde2f09459c30
641,a1d08127bbd4a7b33b6b4da25e0314be971525aa
354,ca83bd15085896f74030831d2828dce1a49bdace
704,fc1ce7128ed9d5e1e9cfe8be33980f72211ba157
591,40dc0f2cf4aa2139fa25cb2cf7897c1d5e8dd9ae
968,a1eee4a9a2d72f6dfcc6f21316f362df9d10c36d
99,93b11d7a185d059fb648be18617295913bfecadc
76,e5707428fd6fb98a739c932f870269a8b15fa753
987,7f58062bea0865ead61a753f0ee50dfe5cf3f3a2
657,f6e98b34a2f9819432584c41ff2ba8f53df58a09
207,0998b3b0d773c1219787ea03e5fab9e970102ed7
712,dbed622e9e8e2e8520f3416d57c5217b2e41f406
342,b13543add9101c1a71f9e6c61dcd33348c6a480b
895,294931fc4b09185720934833f5275022f40e8b13
196,42ecdac4654b4ac5b7f05e8657b2f7b7069ba4b0
529,2db41c3d34e7dffabb886af104f6653ad2da4082
483,a40f2ffa2e37a1bfdfd6c53d9000a80a0da9af99
179,da33fb1e2b2eef4971a30252d40710130695cd92
21,32cb384b891cf2aa9baacc824006ede0f1db1b08
250,7aaa6d3292fa30b9efd11a9d65794ce18bf3e11f
600,622fc2a8bc3ed2d1cd5d148e4e2523a9a4c4373b
315,b3507221da8609861bbfb15e421f98fabfd52c66
745,074ce705f4394d1c3e0fc1835cf4f765345e6e2c
552,08a74044c26689c956c90cbd5ff876fbf8fe0f0b
102,6271782c3c1a6a8b6fdd9e19ee0f87310c2e93a5
801,94101f52fa532c074560e95b4e6a0fc516d7b960
944,6ca9ce0c9b14a309b4f7fb0aa07d396ec98c477d
417,1e03540ab86531ee04f93d9ed331c0cdfab2a765
694,c5a0d1603491bbea81930ee0cab7ce7fab4d8916
381,2a04288c800c0bbfa891c6b333e5cf41df17cf9a
856,d2929a7ba70efea8bf24f0cc859b94a1bd17e40f
155,022120dc1ccf903f7c672138500c62b5e77955a1
505,82bd13b8a82296a4ecd24b56495d5b155e5db41d
440,e9a163f26f2d4b98d733b0667c6df3b1cbf69425
913,ef7a9d89b5a24b7444cb3b1f35fb926780853dec
293,fc703293f647393591a8c0abf486f868c8cb4ea4
769,386b7dd9f393874fbaa40765e2a771e601319cb8
339,9c73c181cec429e620961bd68b73cc3dff773d57
786,eedfa9868359798eb65c57ef758bca2acc86c414
513,a52527f568f1676bf56af84d4d2bf7653d6647b5
143,1c82b6909c419f76a73d7521a2d54c2e398fea24
840,3a25a73a4ef2b49b6d01ea4d1e51ca9aaf16b8bf
905,2c097c02a0d502e558f6e11663c01862633764e7
456,ff10fbf6000788bc2750223b6c6344cb18b87c5d
285,d0788ccc43e7568f48447e20eb924942d4ce03ab
790,191fef28d976cc00e131de892137ea725f685dcc
817,71310afdb659a820b159863c168c71cf68934259
114,fc91043cf5deec642812650f04f63e9af7af1063
544,4d202e7b8a53da7b429ec45edb4ce44df34603e0
401,e44c2a5a174250b49aa5fba4e11f1f2aeeeab0f1
952,b080b7370f0c7f288987575415e0351010f748ea
728,ce10cedecdd79b4f791d9ea8b9644047bac24aff
682,b28d7e119771a15d0f1bddb2d49506d19f4a8e17
378,607b372ceea1686a2042db41dcfc55f53907f0a4
397,0a3138262e282696875f1b7e34e7542996e14658
47,e41f2cf114e41cf81d8656629904b277373d8063
959,69ee53a62e8298b1245c8dd5a59c16bc40437413
689,62231baf942b24dffb795410f3ad00fe64d40728
373,9bc2ee52fc21add311e45b58f38a85aa924549f5
723,3db513aac86f392465b0baabdce81a103e869c1b
236,f375190815dae52868ecd82d9349138739ffd427
666,daaa8b8be27336c0bdba8bdff8bb5f6a31b0b2d4
148,9e6d93bd2421b9c8be502f830c977c152d553436
518,2b6f8c1bb53ad3b3b394161327904062a0d81b6e
10,ef30081e026ca1a807d8f96e94869487be6fe685
774,a7bc1f55724a72410fdae6b7be8e50051cee5f5b
324,012b361871599b5a05059dc7ed210d7deb8a90eb
631,9e99547370ad8db0d0bec5316e421ebe15c786c0
261,c1d53c4a80ab83c73f87727a70ffd1eb2891208d
918,23f5711461a8bfae63b05bd33c160dd445c93645
332,caa51cfb29edede8be80d7529fbcb96471a79122
298,15aacb311d8b0cfaabb7585680d5b935e5891721
762,e4920563e2207286bd1ebb39439f1125076b8ab1
277,623e5f105f53bb8a6936af109afc9232c38fabcf
627,2e0b88a21293036bad1f7ae5eed8d3771970bc18
109,c68bcd1260c6e837b8aec82730a4bf7665de181a
559,0a8be2e586f4c9eb100bfc83bb45d6e64c5c8ded
51,da504c1005c1c29b48023d4b4d54ffc162c6d40b
735,766f1f80c4353f65f6e6c55fabdaedfe6aa1cfe0
365,fa80d669442f7c373da4de51a347b13f5b69fff2
670,dbe3be35dad35c1db2968962b610b4399e713110
220,f1f6e6f661f6707749504b5ebdf310330c7ee9a1
934,657fa994d47546aba4a33072be90d30e0d01851c
467,fd7cdbbd7267aa3427d34b7b908a582184b8ad3f
488,96be418a99044506ca48f1e63aabb288c4a9b984
172,78278ff3a0cd2cf8fb75ca89bc6495f56dd68ca1
522,b68099b7a11c36c2b0c15ce96eae4beb38ca4bf9
871,4876502f22778d50a6bf97649582e1715bfe4e7c
430,117d64fe31baddca986957d9c71b80ba5f74701c
963,43503230fdae49ffdb56be74109c0451ea3adf6d
92,9091a881f30f0a44d67a1503295fe43d2574f6de
826,cb41e537781011e66b40c9a93ff365d44e3895a7
575,1188e26e9e7c7f0e03c87b1d91407f74acb92150
125,f52dcaa21ccdbf4a4195ad1bc4e3fff52c773c1f
349,a8b1f82800f2ed049acc140004f52763531f3545
719,5c6b2ebb6765045f1244713afaae6e59b93d8d10
84,5e7b22f2a035f5dfc5b056753a6952fba93c0e21
975,6c9e22387c99a3f6cd6cf55336f8443ad32ef2e4
426,6c7f08bd7ac7be226a5674f8d289d0ff96222de9
133,04997197ba554108fd4b1643a29fc49ed960a073
563,332798ec16a5d3b40012c85ce90b9fd7dff0d6b8
830,24ca176a5477638ed59561af483a3b553aba6801
471,8b4c057a3c9afeaecaa82779adce57b98567dd5e
888,d6565a101b94c803bfc0f488d55059c3b78f8725
922,0b962ceeb6a76d495d56728d6b15496819450637
867,effb9e23ade62db1a70b7a29a9c38afdef1e3012
534,a99ac10596cb4d80920b376ba74041ba359dcd7e
164,8602360f0b6d5268cec2cffba2b6ad5bc7481705
308,b86ac9c9b49675006aff1bd0375f9193dadffac4
758,92d97a773a3e52d7eca99219aacfb7de6473ca28
685,7b6a0abec1490f39a920e1419d77b651fbffe3d1
390,bb5b5a6ce0fab4720c47abf23e68a0618bb082b5
113,15d4af267ae93526597571d0d7a03e212369e953
543,174f5011728ef091e883c25963ff80a3235f6430
810,e21ac96beff486132ab5056035275416670ee869
955,605f141465741862d34840ad9d69aa3bb18f59ae
406,4460ebd51d0d85e0ab4189326ef6ae6498ae9376
328,c24315215402ad7116d781ea5bcbaaf5fe119588
282,796f3e9b1622c3bde58b5fffd11c2e1baa1d8e5a
778,3bb137533536a8e8ff6bbe9ad7ce2e3f97662be9
797,bd4cfa43eb8230d4aedd5d8213b4113306269fe7
847,53287896747049db06d5aa62a85283d4729638ac
514,ceabc4c14601d56661b261d8c5d50e4ddadd2079
144,38f34a29f3826231d8d068526b1f400fbff44b00
451,81994fae635f80d80fec1f8105307e2623b74fc0
902,eb3f59bc3b2d1e09376951813818b3dd828cefb5
294,bb0a0db569c38bafed9362733bb24c5643416422
781,117f6d42c20febde21a5ec0e9952d9a098705459
152,5955e0593078c36610a371e347bce60aea3d20a9
502,26a9504f30946a1b1d707aaa4f23566e34b32cce
851,835d93292e86d190518d9bf3aeceab55e1cb9571
914,dc9013ca1916adb1dec5b359ce21136b3fb40a75
447,e36486c39a9a0e3d0aa198d246f0deefdb628daa
693,80548fe24ee112c92f02012779048098ce95fda3
369,bc5f0a21a7777513102b8edc412c3b8061bf788f
739,005587fc602eb7d6f60eaaac25aca0c831ab7dfd
386,21fa1edf71dbd73045637ed657ea11d51afca2e6
806,6e7a1cd65d3492946feefedf263b6513455f47ec
555,ab00afcec0919652912c8699d538266566826263
105,6914533ceac3cb3015e0ac7f4d57394322d7e4c1
410,09b8c6e5a686884eae63c84a76748cc4a7f4d1a0
943,8d5b0b533877438fca2d18bc45380a33c93901d7
257,dfb23474d56fa053ceda1c1479ec48b5c331c1f0
607,2842b75271287b816285d5d3cf08241a8d64fa74
312,2283cd20af356d219147c906b891a2a7f2464bca
742,264eb1c58198ffc077415213e5980c83edb84739
191,b7f077939a7730922bf6a921fadaf1d2244ebe2e
892,d3932d266a574dd47b17c366e10ba7bba48d8cab
938,6cb4068d67b17bed40b60008a3ef4433899d9da5
26,16448c83052dcc3fe461387cfb8a0f35061a657c
484,f4cd9bd9f8bb3afb3c47649a512e9b1ac2d79649
650,5fa8ad6d4444118dddf82d0fe52ee8312fa2c34d
200,da097d42ae48ff2865a9780f9c06498db7c45de2
715,d787202941b06635546da8b3e49ca742d9239180
345,e186eaadbe317966fa300755dd4b4f600f69f623
596,66e07d9b12dc3b087a1d84248a9977ee15eb821a
129,5cfa4b182723fe19901b29a6f01ad64b8d9230f3
579,a69b6ab3467c916fc95f83cc35b64a5fd2e4e527
980,fa98109baede79bdb66a6caacd6a82f7f137ce21
71,13ea76087d8a96ac6d48bdcbc7e2bafc256f0d71
216,45cade29324b72585097e42cdf0af868567752d7
646,87f82fe69bbfff7e983c20b8cb8d9420d07dd413
353,9ef3639ff005c0930fd432174a3ae9b5a97c2832
703,f90b0050caf2884d5806b8f7459bc7e873fd7523
580,57b11d43811ca4e67aa423ea0ae0a7e8758c77c3
979,2ed001b2aa7ac5faf980e69760a10c9316d42686
88,5118b05d90bcfbab91afe41fced1019786fa2157
67,3a5e2f4dc7f00be01d4638773f3bf92bfa81099d
996,f634831084fe85e7f67b31928c1e33444b23c9ac
611,484472ef56dfea1c5e51e2b6bf062896f2d91a2a
241,2021c95b82ee61861efa37176c98fa2285ae6182
754,56a581c40df8c8590a0b6ad51f0cd57258a949ac
304,98c8b9bde303756574f6a7125052feca7a51eb74
884,96cce734d8079d994109443178f25e9471b61d29
187,e2bb43a45a1cc59c4fe509a9ba0279dbfd9319aa
492,d942f96987266933e546562d714e16c5d634deae
168,68e36d336628db5704138382798d8f3e420e4938
538,04f570648c036354fd5b6ab17846a1c952b0b79e
30,0c71f2ba05e6fe64db932d9afc2969d8cf22cf74
885,1a55afe378e1056b45ec17c994d70ed099c96a66
186,e1fe87151c33e68f6f64aa7f47a06e5b9aba824a
493,eb58ac2633d3c19b9c78c52a19e83a94d3751b4d
169,979de3def761af4a9c7059c3b3cc75766ebf8056
539,d14046034fb17eff2b86319ec41851e8c48cc50f
31,c95994867d0e45fad33080e5c851f29d062ab03c
610,09e976df02d82170f7b2cdc3d1878f29f998ae01
240,9eacc0a02816679dd766abaa15b1662fcc035c61
755,3b0099c518bdb76414ef04b32e424bf07c0bc162
305,ade7c1005df929c2ca28973c2ac39fcb8415b109
581,b41d079cd5f2eced3834ddf8847b645e70a5aa31
89,29747349b166fc86f087a9f7668ea8c0ea8af5f4
978,e36e9fc33ff9dd3d89abd3a693fc0589ad0ff6ef
997,34d56d526b26b7d05c46d2bea7988f79d88cf9e3
66,5484467325e5a63d44aa1792673984d423da46cb
217,bf65067259f4c74bfc715415449a1583f0f0d12b
647,307f024380af9287a291622605c537f3b86cfaf8
352,587e863fb38c3a3609969bf03f650719e9e005e3
702,e2f682355d84ffec2e113eadd1eb7c27b74331dd
597,f1cfff74f1bb4e45ffaf64e92042619d23ce755c
128,6f1afe59fab3fda7fea69c040a450cbaf067cc04
578,5bfcd51e28e195161bf5318dcdb5302709903749
70,12f70e89ab9219b22381360a9d4adf3911693188
981,a508ab1426f351e4eb787386c88f7eb4ec3a9a73
651,fce28318f08ec37388a52f540f7d711d6604e08a
201,7c012f2e217904ac16b4ed4470c7f14e275a1670
714,0dae0c120f669c98bbfae267926af7f76999100f
344,786754cf8019d8eb4c8573b6de73a5a62b1b88a8
190,10076c5756eaeddb558115545fdc43da619802c2
893,bdcaedd0cb408ebb1311afa1f404d2fe3136d7af
939,14e4f906748431162a4044cc52644f8d96b2d932
27,73f77ef2ce6987df554236c41bef77815b1f46f7
485,4e5bc204cbe6594818ac0351ee16b3a223b4e734
256,4c13deadf40a851661ec74ef6f2de2cd05b416c2
606,edbf76c4dc093b49694586e48d24b1f703fb96ca
313,3e6f5114facd7bc7818cb4657ffb3d8e342c470e
743,dab5885296f93cc3e3c1937daa770814e0d235e3
807,d89af276c41e444e3df1617c080947b4fb0721d0
554,acc718de67f8a75b39d2d17b53eff6c32c2e7c63
104,f9ad74ac2fafbd5932558272b5d1418e735dbe6e
411,1a737c987ec29e66faeb207b620f394f982691b2
942,5838faf6c4935c2fb38a0fe15a66ae1d7dc946fc
692,c0703d640b87f3407bf6ac358a8d1c8e27081c81
368,f9637ba4e7aada442bd24bfc53ec194f33e3c5fb
738,95c9d02cbd8d8d695f2af3d69ad31c2a878cc317
387,ffb1d6b976acb20277804b036efabca35d142885
153,f367e4de6827f249f037f8b8ea352a89d35dfd42
503,a3f456ff4d9ddefcda23d2e46af4f212d04355f0
850,8ea697209e5e742d168ac6c3cde2d6285b1db7c9
915,ff1ca34be73e98707539134e023b08b9ba607566
446,2dc8be1548a4ce2a4c03f729260b6a3713621c1f
295,4245c44ee8fc541f660fdb962f57bd774847e0d7
780,77c626933b436022a4bf09f7e266d2b9252c42bc
846,78b53431f97a033ba2f07b013df54dab3aee0498
515,9e88cd0715d0ca396c58f7d7a0bf79e88fed4816
145,76abfe18a1986b3fad582065d8cdaa6eb8f410ac
450,4fc72687a1508126ed5de3c47ceae144b8b6f5c0
903,c5affa73670e7df3873d1be33a59c81ff937f2cd
329,d3a75ae74e4a5daa5a933f633a53938ff929aa39
283,953e18e35dde46300118cc07dfc60f6f9f812a5f
779,041c6d017f8e87ceac7c1ee6931f5b73007a4c98
796,9ff6150a8bbb5f41782bf4b8e6cfe01e8115e3ad
112,99404998a188a9988aa10e37b5d4feae6a298ac7
542,a9602c3e613b41f8e9695bb4ff82d6f56b7661cf
811,86a99c8e27743d3f822a0b2399a1ea8db2a50281
954,0ae4c3064da3e8e23e7c548e1add0acf9f0e881a
407,db3f7048820004c004006e2c18fe57b66fdeb3dc
684,02648e85e11e76a2b78f3f7cb896bd7efd050db0
391,f13ea9e9d22de0d5185c77b23b77acf9c6fba9e1
309,bf5ffd84a1c90174c7eb9ffde9899ea24233be04
759,999042cb0c5ad4cca22e0f1ad890ade1fdac7110
470,4c9ba45f0056d88041c22a15c287bb56d91c826a
889,6f6f0bc317c222757b947a6b113c42c55ca4f0ba
923,7c10da607eaa5b5a1c4c62d9857dfefb13e82bcb
866,13be7be9ad3cc22b6480f217ddb59dfc26636393
535,4362da54409e8d9a5ca0aa2854f791341181abba
165,95d92e19cc2a1c8d9c412629b854621707619638
974,18d9c31eab8bc989c8b94147729b4f603612c5af
1,da9c71435adaa6fcd0ace6502d1bc5e84f3de7d8
85,e50344b30d6f9006ea7950cb86af1d0d617b241a
427,364733b9221fd2eeac14059e1e11c6d80dbe04a7
132,f11e2f9619ecda9910977734949dc4becf54fb63
562,45e4465c89a9f83a80d7d5202010236d7f9d7d64
831,b6220254f9d275f76861ce81d3ca789ff17c1c89
348,aee6002811bc8188d357c57f46a8cd8e6aaa2b3f
718,bfde1ddf68c74612431793917571d25f30e2f3e1
431,b60875c43be19b27bd6b991795b728380f934dae
93,765130091d2b54a0c777eae94a67238cd2388c42
962,9132b3d8dc68dcd842eda5aec2f9507d6abc2aec
827,db76e2991081fc97f4c176933ef1d8d827883ad5
574,6906125fae16a0260c55d009dc5ab4b4852b2083
124,b24c8406ea900468c210cba66cf63bd22757dcfe
935,b99fd64a299a01b6bc4674164c94badb4d68562c
466,f379558d780882168774febc1342658796f410a7
489,0a4519de55761875d4af8bc34d27e44be9d63de0
173,2dd357b7024c50c89b4a8e999d21db986dd14646
523,209b835d1ae43a624f9a527b1c0a4ec242c9f165
870,c1223333a4651bda724fbdf94f6317cb887b3c6a
734,c5ac95b616953309f7f891de8ff16c8971ee03cb
364,04b1f3c40bfb5d14691bf8ac7c3f749cadee4177
671,65df3e142befec24a3a4402557d24aa692868ddf
221,cd7c2c8e4eb33e2ef893e8838d4b7ada6f67b9eb
108,6c21b450a0c2ba7ec10bd00fb6482491962a6a6c
558,85510307996fba7a1e8a7f8bfe1d55e4eda73706
50,10692cd56b57d390cc1a85e75559632576f3f2f2
333,068cb7ffd39c63a8b294438bcf6be2ae70a509b8
299,9ff8a7cc9b04bccf843d22d2bd4ac73f22376e98
763,758207d1cbf9bba784f4b2a6ff0310d0120a1e2f
276,94164b1f1acb7e8b569230f7f333924f703ec968
626,f589290c5eff224e38ee138f8ee0af9d57f4536b
919,6d1d22d48aa49479cb48e9b046ba0f11140c358b
775,49d9780a17b8ee462cf3e1c0d0df3dac9f1df54a
325,345cce18a98911604a2e5fb2f6c8f447645c6667
630,9a5db04b34b1bb2c0082ef931e2c92ad8eefef79
260,b55e7d1d644ae59679f5de822424a860be2c4bb2
149,2707e3c2260bef9d93e0333aa382a74ff6eb0158
519,102d361850ea8cd86e7a6f40d77c038ebf386f29
11,c4623d2718e5d83ee817bac7a0149740b0700433
688,1799fd3653bb9bdfd34d07e92b3aae9043924288
372,08fd648dfea83d562100868ebf357e6952c01519
722,b64415c1d23312222b73cb798b2d0ff82760363d
237,c5f0bd85d6a39d5c70e911fc4162a46604be51a5
667,32439a76220bad77465f0cd00ba20155dbf91895
46,9302236dcce223d5984db33579c3da5190840e88
958,a43f234ca5913413962e45d363ba3ba777a07598
536,ec10d613ea99f55db031a5c4632a5b362e6147d1
166,412f4b8439fcfbc236b6041a01982d4aa42e9ce9
865,ade6efe38c3ba275bb0744834a70dcc6d8f9a5a3
920,a1bd5d605cc79e21c0ea22868a73042e84c601c5
189,22a673cc93af8360433169746f282432df6da007
473,a61add3f9aaf5117710da2516a70970f4a26d465
648,675e295f15352deeb72daa891126922f45e60c42
218,1642f52e16b92ba8a314a280a74ee9e763fa3d8b
832,564c77b0f8421857b8a4ed9fc9826ad3c8c1d598
69,c4638dfbd9d17414eb6319c5ded812a089150f56
998,a93cd5da43410ceaf2f50a753cb4277c741fbcb5
131,33e760347e2130f6d0f5fd8894cb5e6e14df124c
561,d787ab8e78524fcf7858e344a9c6cc45f5bf5742
424,eae684faf26356698f563287d31eb70272453b86
977,2a897262b885a3fe7374060ab315796005d3bc1c
2,9817d16955bf70e16e0e91ca94fb6089cfd2c11a
86,086ffeb3e335492ac8734d7e9f62cfea7ecf82af
577,0f636776186525343d76ac5adc84441e4bf765a1
127,04eb3c0ab2b5bebf8526f8ae3ef9df38c1364245
824,5cc90de188759c360b51e671cf565480f2ba5c3a
90,2abd8e1132c3e0e12b7c7fb121b45df4561f71b2
961,6336c8f67bfa2826059925690e9d68184ad3117e
432,166b2eafe43d015593a972e9d26613d3a5a85a0f
598,87e6a031c8d37c83283224fee278f9e121645813
609,95a6a3c066bba760e6b263b4a1205bcd81746972
259,321f0d491d9e87fb6895fa3a917055b73aa29489
873,e34863eb39c7171806018354aa221898ef176f27
28,f2581b4f7ef771f84198926f145cb691200e8e8e
170,81e9a35f82ad051417c0f06e9225d2c09bc46fb7
520,68ddbf737b490c973130b6219011993c70681ead
1000,6daed09ab539f3b1a33ac7ea52f44cf99558528f
465,33022e2c3eb68cce4ef3fe0d4df1399f1963c898
936,6e37da2e722811bb2ed3be83fcc30cbcd81a8e78
388,7a51b4a5234914b85b9e7ef7afb7228975ba3b01
672,e7e67c8b37a33bec5d430bb0fe245a77fc7867b2
222,2e2e2234ba80ece5fa882fda1c3facf77a3870a5
737,890b2372ea4e21fd20c5bbf9a8e8983cba536b97
367,4321c63831ca4f9d9423ce41f945815757ff274c
808,0a9eb364dc4282c0b7c58e0d284cf25315bde6ba
53,dca8407e0a6c9e03640e23308cbfe6a8eea0a673
275,b11fab1e6e11ccc12206ff793f2d5c4ea569e4b2
625,e40f6d8b606d77a507c763b230fdff3a73e0ec6d
330,15478d5f5f9061fa8c3e433b73581254af48c7a8
760,2dd0230b6335359c14e384e9ef1c6d12ab4bc7ce
449,506d5ef23735be69d5a193593c35712342745837
633,17c45a6387de29ace064daad5a7cd1ad707d4b1f
799,632f8e90813884a63cb7cbbb19d41119d2dcc050
263,ac48f40fd53dc8488ce04b28fed760442a4f0204
776,550e7dde1e059d69ef32e9d8e58d4014bc5b947e
326,3c2c1d31a8f80aa1b25750328faafe089290aa9f
849,e3b4a07515eea4139c776d30330fe869b508dab8
12,ca125a7f2468130c9a25a606083555a437f78587
234,c9a529b454fea12306d26de1fb39ec635784b5e3
664,5faf0b30a267ec7bf8be43543b713e3d44a939a9
371,5399ddc06560c8ea9ad91944576cf2be592fc1cf
721,6b9cea98f2d9002021c2fb7eea0af5bd6bce0112
408,bb204b56c1f90b5fa747ac5a7ad0610e108535c7
45,63f90b0b051f338f645c507c65c3af8fb308dc2a
869,0416c6f3799fdcffa27f166fdfd6abb632df527a
32,9ca056bc92827305c3f83d616ea89d943a918265
490,fd9e87b70f6ba7abd2d5deb5b0610cedd716ceb9
185,5c7bd7a7da170596c0c4a410e24980afcfe1da8a
886,98f206202fdf85487e14d05e13139d5b35b38bbf
756,22d14da474a146ed4fdef0033828124860a14eff
306,cac3ef38b64a519d9675068f499e083ca344ed1a
613,27e99ca9817203b9749d5381d1a524700dd465c7
243,9439fff1025a73c3ba44be3a0e112f31c2cc7cda
994,753dc08f72cb59f58331fc5328f4cdf2a53eba56
65,e533bbb654e7220d81792927729b1ca2a6b1eb04
428,9e8ff07a148ee94f0feff9a51508e9f463f3b143
582,b30ac696333144cecc2c287ff4310c1bf22392cd
351,36a22b5382aa6c61c9d761617c21da0fd0a39154
701,144c14018a0e2b5395307c2cc33d9d7b5158b67d
214,57c205d56b4769f6125620ea361532a08804a3d6
644,b7dacdc3b871ebc8a2b407176250a92d5ff7c1f6
828,3d013598bc6b80b7cf011c50a605b0269ab44299
73,daaf228b8b320d146abea3a28d019f8ccaa680bd
982,5c05f3482a6ea0383e921824ef09d803b99f0990
594,dc07750d3389d3d81f2b9e2e7e90010a515715c6
717,3d1d9a4ccb0b1be735ee0e31c11b29db800325b7
347,5f18c6a6c66dbfb3b18e63b599f52d21f392ed1e
652,a785c9a8a3dc982f8ee2364a8cfcfc344dcfd18f
202,02c398b2a5d86dd552a2902cbf9b587a51c947fd
486,29a3dd7297400d54793d97ad4ac0c1c4ec64a84d
24,818d63f04a24e480dda7acc35d261836fc8ebe7a
890,37b8e0e565f6731b4c87748ba773c6c25caa4b46
193,958bd1798d169792ca4367ea6ddf17a0006ad3ee
469,f523143fd663825e6c50f8a215e4a79bf749efba
310,0edb6ad32b6d3029e9986982fa7d6fb436433572
740,7b202c42d59db6005ffc365f87277ed30a8fe577
255,88707cf695379a07e5daa6b688741dd9218e86f1
605,b071988e3e39bad650890edc663caa5d541a6672
941,953b995b760a69b19d10bfec4159b35a9d042f9d
412,2687b6312736fef1c890cc0fbc49c977fda76f75
557,466477dbd18487d3ede0be3b12979ce992ffdd45
107,44a2e080a6290c7442e5daad40dbe5ae9ddd8594
804,23075e136ceda47c60e1effb0c8b36d23c0a3850
384,9c4e15d6d7fd0c8c9ff16e124a12417ca4cfa5e2
691,0e61fad14e4ea2f35523b7fa785dae15e79efc47
445,7ea7077a1d2f3a5a2ebed53250978ef40cb8cc7e
916,8d0623185b6ceaf0e5540dd8bd07422823e01376
853,9c915984a10534b06daa6bcafd27a36c9a194291
150,e0fc3c738d844890b5a5780b6f187166261e0021
500,6064d2ff03ef457d0156115fffcdcd9b1224b0c4
629,696517f0ac71c483e1ff26764f77ea5661cf4e76
783,0272a7333ba8c06f7eb6e50cc503e45ff2b29e8a
279,edb533cbaf1dc374e4588fb414947de691f2f9f3
296,2659b0d85185e49632e5fe4a305ea041daf7e66e
900,62e285270ef24beefa9ecadb436802bd4a0ffc10
453,35b46810cc814e4b96a632b67552f8be9a196eed
516,e69b706adb9f6c0c3ea7e7315d442874aa5757d2
146,1cd4b18e9845b9b2c38a148001a17d9306c801c2
845,5635a96f4315b5537eeeb8afdbae6a1eecf3790b
795,d8526e50c4f63a5aa5cbd3b536cb76eba3e2a2e0
280,4869e1a2757bf41272dfacf81f01819dec3b34f2
404,422493064cc2b67847cc6e6d8df39de02341d820
957,963d61e3a7bc36d43512b997c015721f97041ba1
812,b9f05e69c476d895ec1843648b1e98c2e141d1cc
49,aa6bfe898487effa0f1f7442c1a5ad9bae52f126
111,147577246752240fc32c0df90d927bba7ccc8c1c
541,bbd3866b88d599f1c2568ab8e404514f455fd837
392,b56698080f9eb44f78a9fe441959c949eb45ef0a
668,aabfa18fbc6c8ce8244110ea53361c762a4c07be
238,903a823d8c3ed1684f61f462b8bf22b6b5813b14
687,9a268b43e11086d13021e79c676dc1ff7780a45a
393,26ee95e27258c9ae09f08e21b041526f5f91111b
669,e9a82b355b409c3070fe2ecbc14044d97059660f
239,fa4259bc3ee5fd8640270af5342c120fe7848fba
686,ebcf4858f5c209be8ac9c6a05a8185f9e4b68b83
405,2d087c6277c945e8bc2ca72abe07e1284c0b1bd6
956,9c3e9427b1b182cf4d09f3cb25ad40a32d383179
813,9891016b4d0b43ae61d3d023242605a1f6a80b5b
48,c2ef1edfc7cba220386e423fdf2abc880dab3ebe
110,a24d5e4e9c00854b116824760b680685346c7be2
540,0eb1467e3c6525e1b7e9e725ed73e7171a5c5a56
794,c9fed51bbf5aa21e1470a773a0d1010b8791f152
281,42e30e88ea634bff50173638629e2377d8e115f1
901,596a0a2071c8eea6265db0e1702e5521838185fe
452,a0ef196709ddc5add0dae8b1764304e51acd8c6e
517,443ea060255a6eaee16fd13695682d1d92ac946f
147,1bf813af6689366cb316487fc01bf9f4e3a87c42
844,1da5820d46e9b651d41ca66eda5cba94841109cc
628,28a17365437729c91c90aa125e8571062209ff7b
782,f6b0b573687361ddfc785003a6e2354b51a4d791
278,ae45f015154188d9fb462a74028a4ccf69ec538a
297,e5ceb45dc27dcd9972152313886ff84bfe67c687
444,e75c7d4f734e10a85c22c705063f1d5e0a8c589a
917,3c1272fef5c0d6542c0b5515407216bd502157ca
852,84f76457d4b44449d315e1443a9cf296ee762d4d
151,9d0584093d8d46aab2b5af974d697301b6c561b3
501,357e12d3797de1fcbf643f99a54903387926a8fa
385,e518ab38e410e119580e154e13e5a7e9d8d4dd31
690,e27ca015450a6f2567b23c746ebf2650e85ffa2c
940,20c9b275875d92be2f6c2cb8bf716a270a28573b
413,69bbbde3f042796e4c82e2e8606d47841a9c7cae
556,4ec9359ac44669a1d9441334346acf88e10cec48
106,dd13232b39bbaf4d0392580d3442a08f8344b72b
805,511c3e524174e10f0bc9211ca82f400dc6a1e118
311,0bbed5f90406a97ffc3349af6686491db00cacee
741,b5ec91c2992cb99c3c54f81243e6b03aaddef691
254,b4cd3ed1256a43adb32f43603be3837e18f695d7
604,d65effa1b803fcdc66634d7aaebf46d676f0dc5f
487,b29fb7656ec241c2d2b82697412c2c9a717579de
25,de264744db9730329a57b68e9181477604c1d34b
891,cab9e1e8cf4e58ca9ada858e2cf8c483a1a9fdd7
192,be5cc87fd58f0f05864170e9404c12f3871f0ec8
468,253fe8187950e14d8bc616b3f23ebb580e6f5e35
716,16e1cd259145b1873514ddadeae31487ce7102d8
346,7e43dc2881c05c47c6ce8b0d8b71f5cc9bd6abc7
653,a147efb6670df60150faa6cd3b88c07022e47610
203,b36c5d5ee1e1735a4b1e874e9839f90fb05e242d
829,389c3a70f7c33d69b818f3d9b9a7b4f317dc7beb
983,691a9af92c74397eef5c157296db18da4be2dd64
72,39112ec1556546ae09f5759434268c79779be26d
595,bf8a058e7e5654ce65d2e88aa7979042531a8a98
350,4e3b92171c9468f46a81ee8a21cdefd53e09935a
700,e61ffcf668ddcc227012c57e2f86a029aab6b093
215,03d9bfe129a5c016acf48e816e853272cd60940c
645,94f78b4550776d249f32b7d717ec818c05e6e767
64,0c70d48f2d67a5d706801b0319047d0a40712483
995,17517185dab832777ddd7ea50340743a3abb75db
429,648c783adda6c8caa74df51451fc7c21fba107b4
583,fe10709f464d9827a4e39a73da34b53d1b2af96b
757,0eacf4052d54b94ebb643c1fde5b6be7ff910e8e
307,b79db22aa68bf3e6b4337af95d91d10811675b1d
612,b989e8ac6f328ee1ff2b668e716fea95859a9d43
242,e3264a4f05008a8594de35e88a20fc810e253f39
868,c524cbcf6d4b1a7ccc70ee5dd7a3fe1d65009850
33,0c2a781c626d32b5c23cb034d2ab515830467aa8
491,f033ca3bcfc53485fcbf3d4a4a76227193c50e35
184,6b7b469d8a3d10ed3b23f20ee501537aadca0d9d
887,17532f4a890dea5208382e3cadb205eb34a65ad0
409,a104262aadad02ce718c37c4a6575d7c6febd482
44,98eda2bebd853ecfffb0432b1a9b3a54670d949a
235,94444c9944aef99fc03c69c37e63c608e1ec6b2a
665,b528b5acf81b52bb734456975113e2a856597fa8
370,f2a2addb9918b74f88bd093d8710ef340ea5c457
720,81af06f51163137980308b32702c53abbbbe1f97
848,3530cf4a0c0f0c09c91f1006f98ea01e4ffcc868
13,b1ac6fbc16f546de0068c1e7f5bcb3b43743bee9
632,4fe951a2f399c6702d30e8bbed2e725f1507690c
798,331441cfcaf30b0e6a9a1f4cee503a3e7c69b953
262,b2ec528c3c52a299e73b488805a911eb35d07e96
777,18d8ab448e12f53e552fae132ac3e4b53f7c891f
327,ef4068960aba6b48058ab5fd300cf261e119536a
448,b5b24836ce69d2ac9e7e71592907b05bc2335f88
274,34cf1c806ab9c0f6962a5cd28c4554efd4e4e839
624,25c577f8a52cc2f53b069a1b6794012cb1b7df01
331,3ce97ca7ceb2d529390283ad1f42bc482531071a
761,3f9cf604b0cec7d10c050a40c9b879cdcbebb13a
809,1a4cf3aaa1d91ed4a10c75357ace0ea441759df8
52,5191e6137ae5995225a03f3874b645f01a9ab5c0
389,4d02ee7d53a4573cdf6630e96a114b3fd9c7336b
673,14eeaa5a7622fc3f929d0ceb436a6805369008e8
223,79c9e01fce1c0a5c2bc15a8011d4a666103fdf80
736,87c204d304011f819d3a42c48eebc86da752b53c
366,0b5dbf2f89e8f35b14694574c6c48ed6eda1317a
872,e6c810ed9b7e708c425422aaa72f81a8f0fceeaf
29,95ac651faea517ec2d2f17714249bef8b67c62fe
171,b986c09fc0eb25b6358372d59988d35ed66b5a5d
521,2d7b5de6d2a3998e3bddd19a1f8b9ba3fb47f01f
464,5c0f9a9224d0f0156d9ecb63a75b08d4c40dc05e
937,09b6d8f624df6cf14c3c891f362336696e9f814a
608,8ae5885381937ff5637d7d9bdd71ebc0ebe1a3fc
258,7639c42d13a262dbe7a7389819b1426c801d9a5a
576,0a664a6f71fd5d984266ee7715c7495a018fcd79
126,83f54dd0ee4cf9f25f7a7f98d8ef58caceefa690
825,a6c3f89adb6221959cb8fa1edb9744a89a5fb4c8
960,0b0f4be37d5e919ab7e0bd804486fc9ffdaaa04a
91,73a509a1480eb0b53707a0cfc67ab4cb9a4c86cb
433,e5aec4ad715911c17ee444999fe8b2b2d84f0b59
599,64bc9683730698c30c6bd4c97e8941022adcf974
833,c59cd3991ba812e8326f9b799682cc87ce5d0f05
999,72214f3997d72d15530ed7150a2644bb6131d96a
68,79407c72de6f265f61f9db90181e0093f09adeab
130,307aa68b0aeeb12eec8d8f3b60cd12dbfd2506e6
560,564dba806c4a94c8a11a7d52d0553b37707a2a00
425,41c9809a39d4d5678226cec696d5a87cff3f0089
87,83b90d56b010e1938c924d6d46fc98a5643048ca
3,fa6a2200f474d914754b6a122486b34a2e2aedfe
976,ef4c82e296ce638b36e2faafdb406c0b2b888642
649,d452da175ae742307a5993f503fbfe67333e30a4
219,7a9aa6841568f2c8ef9a501339a5216d129faeb4
537,f5185a8e8768296e33906e567999f90a12eaf438
167,1f24f9c55d16cab2acd082a67a9db07bb213a4d2
864,84770caff3755b742bcd0bee0afca91180d36f87
921,1394bb5d03bb757dede56c27426a221a8cf2eb3e
188,b59c06bf111a344d03e324a13630a7708713cdf1
472,b66034f6d46f22cc64a2e7ff3ab9ad694641e58a
496,af7b1cad99b11c44579d0176b5c6481b1c5e0f61
34,b5489a2eccf204cc7c0471699fe9d2efb0e4d95d
880,750e925a56ff996882c8e7c36b2cd15427a2424c
183,1fdff5c32dc900f55843d957bfe782f8d87df26b
479,8faec50593d021ff3cbbc47dbf67321381f34dd2
750,7a5c0838043be46620f5e2213ed67122d0d34dab
300,06eea451c3fb90c3e479865dab784651aafe0c85
615,7eee75351ce808f7af14ab2faba2180e53973bbd
245,8445cde6f982d6a5d33d3155bd531d58bc11c4f3
992,e00e2d9b14d0173a9f7ae231f96262152e0ea18f
63,f209d2605bc849acd35451c4a63bfea46d9b2fad
838,cf02928663beea83423d311f24cdcc8d0770404a
584,0baafe95e8cb2148949f0313fcce7b5d9dd9fb36
8,ff756ef5f05a3899bafbbb6015b63d177a1ea9e1
357,3e814d03648f0711ed21cced24b30350f56ee481
707,eff07a905b4709af5231e522c42066f7176178a1
212,124646713063140b726fb32e48dbf55ed05c03de
642,e2ca5c3f7c98c509668ddcbb48ce0037b7703d12
75,a7c47f97e5dc547e0066078c6138a456b1324bd2
984,55e48c1a8c1655c09055b248d6bce52711566f8e
592,4b4802d20ffad4f37789cf19152e6deeeb0d9323
438,83aa631f576614d9e8703fd9e6ce3f9b028f1c34
711,b649cb3907199c9ad93206bcb54c312f62aec1f9
341,b186d1cb2082e7486aec8ec7803856131612a8ce
654,cb1e256d54163242bb5e317f5e7ab3df1b2c1694
204,be855b7480e4e8392317130aa6cf2b58428eb0ff
22,3bcb029cbe599018ccd79ab5b7ead316ce990d5b
879,fb804c59a6451406f08597edd4a84963b83ea815
480,445d34b4db4a3bd86b0f791adfb2188137efc3c2
195,a6ab8649fa41329ccecd0dd403ac9f466146c9f0
896,0139b42d6d3383f559ed2aa224fc4602efd49a8f
316,d788cead2a0b41a2bb96498785984a9a1b1b5bb0
746,932dd7d34229e35f82e994de1fce7eed9097d3d3
253,28155307cc609cb6e53c0f447705f05d5fdcf0e8
603,7677b12688b88355a14c3ea3c65e8c4932ab7f13
414,fab0af6a7a37126d9288d8ae0011979b76a9cbe5
947,8fc948d9a201c26c025e00051014375721ecbbd6
59,2cf49d90915877803d56a106b344c93b913d8b0b
802,92d8379454f39fbd3017a01ce80d371848d07618
551,064e792163b70679ed9c6052158e4fb10bc20067
101,131e4c62875581f93b5f77e61c97196a5716cdf6
228,30400cbf2e37030b05c434820a6c8c0ed667b247
382,4fd4d75bbdfe3b20bf0a791872ab01477f5001f3
678,23e230d7beb92b0bafdab0484f17327ad68d988c
697,7f02dd90a976bb53b7c95eda16d96b603810aacf
910,8272fa996ca708a749e1a2ef83ef4a7ee2b8c742
443,55d3022527a0f890dc7ea35667c07b4cd43a3616
156,1df30837a0212e6778921408f6830f52cf65d9c8
506,d2cf53c9cb6b80b6f0b91dc9d716cda8c7753020
855,787ab60ef01dde32a7c6c8986fb6c531e143a3ac
785,33442279bba6760a1f6ba0dfe63e8196ec54e07e
290,0d7a56789e9c5fe3bc036dd07079f76ebd0e21f8
455,4589f82794369fc5b77a0dc32490fc4c1032f585
906,f9dd409fad9f0ac2abd7e7082481b52b427475b9
18,1bd4fd934be829f226c8739a9ae067df10334166
843,eedf6156d7018fd2e9aed12ca18282922a93e2a1
510,a3341d3298eb4e99776b55d5d88619a067daad6c
140,99cf78a1df86ad04698fdabcb8759c3ead4ed433
793,3bff58de367fea7680835871a2881e9fb27f145c
269,827e7a03cf7d7b70323465e235d988bf52430c6e
639,28a14870028fa4cea3e6f8d2d64461d00fb8d7e4
286,1d94b81665ddc70ee346b31e6897f6c447419c53
951,c792e091658a8020cc3983346537df9d83a40eec
402,04a1a4894291beca6857215f9b0b4f9d4644dbd9
117,b0923a04e038c506dd092771bd5ff99c4b0bc81c
547,779dc0b9dea908f2ab644051f66a272e48eb785a
814,8392b079dc9bb260556432793ffcb50ce9ba98c6
394,a03da61f6a8574146bb3eb7d424bbe35fae64105
681,835c17cb4257e522903a23dc2793d2ffd1128fb6
249,6aabef8d8028a0291ba2665efdcd816f356e3c76
619,e0adf2af49ffd5bbb17c5bec4448f1debb069bf2
38,b64c64e5f3b722a9c1f24cf857f18dbd82ef8c74
863,49a51faea9ef97bdee7cb5c529d12ba53cd69fba
530,6e08704dcd5f060ca8dceede75a6af430c2eead9
160,96ea55f440a563d6b68b497003e82133ffb06a9f
475,e32537617cfdf32a63602768612806ecc79a19ad
926,137e18b7cad8aa91e163440bd1be48cda4135d8b
137,dcd8d685011b8a401715c6c685e14b1123e4a2cc
567,8d12ee1a2174bcbdaa4d2a4b9640b9f53c3de384
834,54df76815589b7c276bb07f03423bc14866c6b78
971,0ea4da88f2a44e676f2531d277c63bb5783d7f68
4,584da937af9a0666f41c0c8bcad0b99ac432a5a8
80,906e62440220dcf97ab1040a91c9a006be85696a
588,634f91568758a64df33b3e33ebf7503bf501f2b5
422,9b2547ef2da0286c0d869721e411219aa92b1cee
208,49eefcaadd11331ad2960b7e7b69e941f952fc04
658,c15493a312ffff95812bb1d7d44dc7b01497448c
988,9530f15c616c169be0f4bf88c4ce9261e423f597
79,e38bf5af3e7983918b4f5651083e5013cdc49a34
822,b170f21afac3f8cd8010eedddb4e648dbda7b064
571,e12f5d6e51844599cad008fb00e071f9962a23c9
121,b35c8f83b13c5242b2c40bc550caf943a21236f7
434,a261fddc96fb3ff18e2ec4ab491f8170caedad89
96,3448ba5b4e03940f8d5481530bec2a448fff96ec
967,165450da784a03be06464d699024113df8b5cad1
176,69d05c81a1a9c9e80deab0136f00313d0792410e
526,ef7f715806252568df2b5d9006b90065ac843181
875,862e7a42e330b66cb9a626c290c3c31a7f754491
930,7ea47c2af72057790fa6eafaa849a0459e3cbc9b
199,2ed1f175fece6e84543eb4b5de9e61abec6eabf8
463,8444507ccc687207250431585757aa6ba3fbf6bc
674,f064be80161c834f607b0e4c0b9d4bde9bfaee93
224,aae06bc3c3b420ba4cee5c954d659495dc89fdc5
731,8f03e5ea6178f4a7d97e6c010f74a376c9ea5a2e
361,6edf401204b1f944a1482ff980e37be4e4ec70f4
418,03f9b437c08022a8505f035a83f57c86ed8f294e
55,d06ec5fb6e52e3e2689a81eb6e47ee6abedce79e
789,757dce64652b046b78a9c4fc99a074769067ce04
273,421cfaf86e3a67b0e88f78e18310b2d4b1b52411
623,e40730d5913da79baa3855c8541456ebf68407ae
336,8a0b1edfd643776a7cb39207d7fb6c3ac7d2357b
766,9208bd49a0ff3e944726b3a9f80684e17af3f52f
859,260f7eb98796afd6f335ea31c6907cd215ff47d9
635,ed20094fb42a5a3bd5dac0d2593b431d778a103b
265,cdfef89f9517beee799ef464c251cf59e63b1bd4
770,e5c905c55d8700421cf60ad2abafd4c3e7016ec3
320,b66a192aecae38be5508442bbe708c1146732160
459,8e2be10f8fdf0df9d8d3934af7c263a75e3a8aa2
14,3879ac920cc3f2a49a8d3d45eceba7be9d88fcfa
232,b256b43450ad9d023656a33002dbbea71e554d08
398,ac818e555d3b479c4231afdd8575749c2bcf6847
662,6666ef107394035d60810f588daeadb76c3887db
377,b01f7edf5307309b422396c5c1aa9bd99647a19a
727,7341b3cc098083509eb5d94a894c747ddbd8b9a9
43,adfaad8b4da12cc2a68e56c4d233ba9da1de540d
818,94c154bd34f336523273641febae9ed3d119dcb7
42,66bd9bd040b93f9f35e32f59348264da80c414b1
819,2ee8d25b3cc8136b840e2f5b78e641726ea8a579
233,e59a8d5a78d17e5b99b402f1361a1e96a2901926
399,e09ea5eed0118dffc012dd7a3b32ed9f63b23eeb
663,19b43d5787ea792137bedce2d6554299559bf1ae
376,b818518051fe71311035699b14db2782677024ae
726,588107977bb6ef696ee398ef9d66c71ffe945b32
458,803250941716b633db10836ed7ae50cc3aeb8761
15,005cdbc8d873e438789814c3759c66d483d23c8e
634,0bffb4b1d60f16eade45d244ac112245a7488a81
264,a61636f6d09c7ac3ed97bce262dcd14e5899c8bd
771,99fa381281ee1b9173371cc6dd1dbc15d41a60ad
321,59f7993f81684938ff0854b8dbc518526712a098
858,9549af3e3460507d8bdbd14fd1cb6ff87f52841b
788,a9a8764e9d6a60dc7a065ccef07e45c060a127fd
272,2b877b33198951cb63396934a18a404e4bc697e1
622,0d08d000cfe4f0a7c3fea7e71bcadc749f838dd5
337,d5feb00f6fa0b3991109a6f4fa37be7b85003a13
767,4af918bd950de759fae8b96cf8e3955a660b2ac5
419,62241e23cafaf2d087df3fff323efe67c1224af7
54,9c588f8db6f2f032f30099761002db6a43253998
675,99d0e5a99d5ef5c5779757f3eca4add9932de22b
225,2d0123932381f7718821d6d795fa767ec6ff9bc7
730,c591f47a0d30e3559ff1602ef7349182cfc05fff
360,8123b109fbdc0e0fda97b5b26f87fd285c8faf1b
177,3d8ac9678029d42063a5d043ee56411ef413744f
527,ad4ba65ca516a8a6b190b7c68c8bdcc3823b21ea
874,234f07bda5a8de9c436d83b3715cefdba64a7958
931,d5a8853f41f2aa3d2b480e2e0916a5f98e3bf0ab
198,7e49972a9fe143dd5579e49be8f5dd3e7fbc4f4e
462,f70cd487e30384533e7f6ed67b83d2843e7166d0
78,ad8cc3791b2b031cdc907d5e24bcf7b77093923e
989,0ba303f5b0fe444b220d4d0633cabc885c364748
823,5a92421bba684a7492caefb2d4255014d0376372
570,d8f1d8c1535a918e6043f4947599e318432735c1
120,466b9930e132ec0490d95e01dda946a5ec97e74b
435,6f2c894492f8791d6867564c952d4b1b219d9139
966,9d2097e97e2a29d5f7cd62490405e1bad6d9c643
97,20c66dea16f718ab7c690bc2121f1cbeb7415e2d
209,f8d23311fb0bb82793e748055167a02b2ca279a8
659,e999de0c71bfdfa7ea9778bc518f7a3721ed6cc9
136,d5c3c270722034dc0d1d1ef599d87e6509852b7d
566,326349bd7e822071e6b03cd85bdad34c7f6bd579
835,51e1bf702c0a708770b4e7ac5ac4e0cff916d974
81,1b570abd481fa25d8ce9dc8241b4edf69119227f
5,45277dbccc16c6e4ac049b42953f2b55a1699c8a
970,d37c602434125c6471900db980f396c23642d965
589,bbdef8ea9e252a599634346a18601ae62ba010a1
423,8fce53e90baa256c0a1601ad7c1a80da321665f0
39,747421a6109aae86f0771b39234ce58a9c6c806d
862,0caf05dac01238a1cdae76bb26ee2658d9a70fd8
531,35c7d819ef883b874e68cd5169e6ec2dcf2382b7
161,5c17fd4fa837bdae60667bd7c54b1d758f328651
474,deaeb18c41c8fb762b52d1c747a04747016da030
927,20bdf272f68f02466e06a5c6da5323b1799a1af8
248,bc029ac61ee9f7c6bc1016155256d7b69c0ea4f9
618,3f000b103cc9739d3d2c534880cc9121580e89e1
395,0d2e51426a33eaf116e3e2387d738446efea9716
680,4ab52d8d0aa9339e476bd98ad9622593384db200
950,dceac1cd23189ffdc594da9a38a1c2f554247998
403,196cd4b52faab6f93a813dbc15d4c2ffe0797456
116,64d90f6bcc10bf003938658a4c647eadc35cdda3
546,8f62b4a1f6c4784c916f3110246e1a6baf829774
815,e1b19dc271be25801046ad8c35a246f97399781c
792,e06027ca560ba6336e74e506611845720f84917d
268,e062441231aa106758772b63112d8239661074fb
638,438776b67545874f4cb6dad24c8d34a14cf33c42
287,2205aaba0ec98c4e813d874f26e8941587f0b357
454,81aee719a91b868903d4f2f60be955fb35004336
907,3aec7193b6078b5867b524b7ef2e5c196f1c3709
19,72036316f7572fe9fde9fc55a2765629bb843cc3
842,13ac2214e5ac9fd5be07ab4eb404321422c89354
511,199aec37fa7806b6d90346b09e80220240aab738
141,809dfb761b5a356d4a9322b118ecd73e26c3f8f8
784,163cf6d45ab34d5c66dc70bdba072b88fbcae600
291,7b1a5da88cb914c46372e8b72a0a2d48402892b9
911,afa6389969cf020e4b1b8c5f6ad3ae5baa024ba1
442,1099433b96725c33c1c431e2bc3772303d770a77
157,e91ea9c27bb07d7166db7490cfd7657da4ea5c67
507,0a7fd512a715ea2a7b675739894958a517087cd5
854,cd80fb02ad25c8438e5170d37e0875c4374eba52
229,a3d246ff727c4a4f7c541d7309ef782c95e973b9
383,54a44e5cb06beda10f525a2b7f38b4b9a9222e6e
679,5407ec08411951915d7cdf2714ebb11e030b575d
696,f67cf0309d53cc6e96e14c1bdf535ae2367637ad
415,6afc87ac60f4a2f814dacd46de002e901e2b09d0
946,cbef83f7ebf76dfef5719e2de2ee5cb53e908f77
58,063748373e7428dfce34c5a69a32bb5892b22d30
803,a3486a858edea54ffb89c0e132043e1cd780aa0a
550,7d083fd458d18371a0e23bfb9410805841e9eeef
100,e26d06d444c2b2d4b5f462737dd4b67d7a957682
317,2a0e5dda33652ddfb3870c77c535a4f3b4048f53
747,0db0f227f0a33713c63400d83d92fea3a8a0ec70
252,0c07896e8c142fc67f3c72a22d36afe943c114be
602,ce25fcc5a9f529e123464e1c8b78b0e8a218b4aa
23,dd8bc1fbcb28345b8d057945b0375f464204bb7b
878,5a7707e130a6150984fe0fa16a50616bc046f511
481,dfa68d86d787d40ba63dc34cb2fa3d652d4c61cc
194,dde78c2ea224f8dfd8b8d9b2b53d6553c0eec93d
897,6b4144a40415ddf5bbd47cf9d3d0ef10de646a9d
710,11a31192672b0460fa7daadfdf65ce22f9cc1887
340,430c9ba2def5a1318524a28be932cc20a0133750
655,9f3bae74695d4c35594d2e3fe573aad7404d8a20
205,522fd47c5576adf910dfcd188ca7f6767c53cbca
985,5e572a72387057ba43cd87adef48baaa854e7d8f
74,1c6cc681a2cccbcdf00e68c234d4aee098788ea9
593,130449fd664baa0d80be75b93813e0e627f375fb
439,dc09668dd95de2a88d142c06db7f5e4e476482b9
356,2e79437953683915becc58270bdd574ab45791bc
706,c43fbda6200217d99e449bfa6e30b55fb0d1f153
213,710b35f5c0b6e0d2b42b687535b384a2cb679607
643,4dfeb0be77abdf4e1c1d177563fd9b828114874a
62,bc6045fde5ea454fafcfd3ce6091175504b33435
993,4d7f16db40dd1cf08b726cd5686ffbc37132423e
839,69605374475f832b366063ed4b9ec9f26c2ca0e3
585,b2c9b2ec07513809366d3d41a1829a6496c44696
9,64672e4c0d1f741822e15ac511bae02574775855
751,3cb5aa2297abc80d31e4dabab0718a8f3462e918
301,0692f0554289bd75d8e4cbbc3652db13fcd4ca81
614,bbe8c1cd63006bdf1f2f3ef52fe245f0e075d264
244,af84ec1952ff1274f59f259956d2b3347f13a69a
497,283a9a3799095c233e3a516bf778eb6bb599347b
35,743bec06daa9fdedba3000d0d49ad198df8c1066
881,08103c4f1eccc1f63328a587a6b7131aeff4f8b6
182,6963c95dad73a086dbe207b959a15b13c8ffd647
478,b181712df3034104b6c5d46109b183333bc3d5a6
